Place Name,Type,Location,Description,Entry Fee,Timings,Best Time to Visit
Brihadeeswarar Temple,Temple,Thanjavur,"A UNESCO World Heritage Site, this 11th-century temple is dedicated to Lord Shiva.",Free,"6:00 AM - 12:30 PM, 4:00 PM - 8:30 PM",October - March
Meenakshi Amman Temple,Temple,Madurai,"Famous for its intricate architecture, dedicated to Goddess Meenakshi and Lord Sundareswarar.",Free,"5:00 AM - 12:00 PM, 4:00 PM - 10:00 PM",October - March
Shore Temple,Temple,Mamallapuram,"Built in the 8th century, located by the sea, a UNESCO World Heritage Site.",â‚¹30,6:00 AM - 6:00 PM,November - February
Fort St. George,Fort/Monument,Chennai,A historic fort built by the British East India Company in 1644.,"â‚¹20 (Indian), â‚¹100 (Foreigners)",9:00 AM - 5:00 PM,October - March
Rameswaram Temple,Temple,Rameswaram,"A significant Hindu pilgrimage site dedicated to Lord Rama, situated on Pamban Island.",Free,"5:00 AM - 1:00 PM, 3:00 PM - 9:00 PM",November - February
Kanchipuram Temples,Temple Complex,Kanchipuram,"Famous for its historic temples, known for their Dravidian architecture.",Varies by Temple,"5:00 AM - 12:00 PM, 4:00 PM - 9:00 PM",November - February
Thanjavur Palace and Museum,Palace/Monument,Thanjavur,A palace with an art museum displaying the history and culture of the region.,â‚¹50,9:00 AM - 6:00 PM,October - March
Arjuna's Penance,Monument,Mamallapuram,A large rock relief sculpture depicting a scene from the Mahabharata.,â‚¹40,6:00 AM - 6:00 PM,November - February
Virupaksha Cave,Cave/Monument,Mamallapuram,A historic cave temple dedicated to Lord Shiva with carvings and sculptures.,â‚¹40,6:00 AM - 6:00 PM,November - February
The Rockfort Temple,Temple/Fort,Tiruchirappalli,"Located on a rock hill, this temple complex includes historic shrines and a fort.",â‚¹10,6:00 AM - 8:00 PM,November - February
Padmanabhapuram Palace,Palace,Kanyakumari District,A traditional Kerala-style palace known for its wooden architecture.,â‚¹50,9:00 AM - 5:00 PM,October - March
Thirumalai Nayakar Mahal,Palace/Monument,Madurai,A 17th-century palace showcasing Indo-Saracenic architectural style.,â‚¹50,9:00 AM - 5:00 PM,October - March
Kodaikanal Lake,Natural Heritage,Kodaikanal,A man-made lake surrounded by scenic beauty and nature trails.,â‚¹20,6:00 AM - 6:00 PM,"March - June, September - November"
Poompuhar,Ancient Port Town,Nagapattinam District,"An ancient Tamil port city, once a flourishing trade center.",Free,9:00 AM - 6:00 PM,November - March
Darasuram Temple,Temple,Kumbakonam,"A UNESCO World Heritage Site, this 12th-century temple is known for its detailed carvings.",â‚¹20,"6:00 AM - 12:00 PM, 4:00 PM - 8:00 PM",November - February
Jambukeswarar Temple,Temple,Thiruvanaikoil,A significant Shaivite temple dedicated to Lord Shiva.,Free,"6:00 AM - 12:30 PM, 4:00 PM - 9:00 PM",November - March
Kumbakonam Temples,Temple Complex,Kumbakonam,A temple town with several ancient temples such as Adi Kumbeswarar.,Varies by Temple,"5:00 AM - 12:00 PM, 4:00 PM - 9:00 PM",October - March
Nilgiri Mountain Railway,Heritage Railway,Nilgiri Hills,"A UNESCO World Heritage Site, a historic narrow-gauge railway through the Nilgiris.","â‚¹200 - â‚¹1,000",8:00 AM - 5:00 PM,October - March
Alagar Kovil,Temple,Madurai,"Located at the foothills of Alagar Malai, dedicated to Lord Vishnu.",â‚¹20,"5:00 AM - 12:00 PM, 4:00 PM - 8:00 PM",October - March
Chidambaram Nataraja Temple,Temple,Chidambaram,"A major Hindu temple dedicated to Lord Shiva in his dance form, Nataraja.",Free,"6:00 AM - 12:00 PM, 4:00 PM - 9:00 PM",November - March
Srirangam Ranganathaswamy Temple,Temple,Srirangam,One of the largest functioning Hindu temples in the world dedicated to Lord Vishnu.,Free,"5:00 AM - 12:30 PM, 4:00 PM - 9:00 PM",November - February
Kanchipuram Varadaraja Perumal Temple,Temple,Kanchipuram,Famous for its golden flagstaff and intricately carved pillars.,Free,"5:00 AM - 12:00 PM, 4:00 PM - 9:00 PM",October - March
Madurai Meenakshi Temple,Temple,Madurai,"A beautiful example of Dravidian architecture, dedicated to Goddess Meenakshi.",Free,"5:00 AM - 12:00 PM, 4:00 PM - 9:00 PM",November - March
Dakshina Chitra,Heritage Village,Chennai,"A cultural center showcasing the art, architecture, and heritage of South India.",â‚¹40,10:00 AM - 6:00 PM,October - March
Valluvar Kottam,Monument,Chennai,"A monument dedicated to the Tamil poet and philosopher, Thiruvalluvar.",â‚¹20,8:00 AM - 6:00 PM,October - March
DakshinaChitra Heritage Center,Heritage Museum,Chennai,"Showcases the art, culture, and crafts of Tamil Nadu and South India.",â‚¹50,10:00 AM - 6:00 PM,October - March
Sittannavasal Cave,Cave/Monument,Pudukottai,"An ancient Jain rock-cut monastery and art gallery, notable for murals.",â‚¹20,6:00 AM - 6:00 PM,November - February
Kanyakumari Temple,Temple,Kanyakumari,"A sacred temple dedicated to the goddess Kanyakumari, located at the tip of India.",Free,"4:00 AM - 12:00 PM, 3:00 PM - 9:00 PM",October - March
Mysore Palace,Palace,Mysore,"A majestic palace with a mix of Hindu, Mughal, Rajput, and Gothic architecture.",â‚¹50,10:00 AM - 5:30 PM,October - February
Nagore Dargah,Dargah,Nagore,"A shrine dedicated to the Sufi saint Hazrat Sultan Ibrahim, located on the Bay of Bengal coast.",Free,Open all day,November - March
Gangaikonda Cholapuram,Temple,Ariyalur,"A magnificent 11th-century temple built by Rajendra Chola I, a UNESCO World Heritage Site.",â‚¹30,"6:00 AM - 12:00 PM, 4:00 PM - 8:00 PM",November - February
Thanjavur Maratha Palace,Palace,Thanjavur,"A beautiful palace built by the Maratha kings, now hosting a museum showcasing the royal lifestyle.",â‚¹50,9:00 AM - 6:00 PM,October - March
Vivekananda Rock Memorial,Monument,Kanyakumari,A memorial to Swami Vivekananda built on a small island off Kanyakumari.,â‚¹20,7:00 AM - 5:00 PM,October - March
Coonoor,Hill Station,Nilgiris,"A beautiful hill station with tea gardens, waterfalls, and breathtaking views of the Nilgiris.",Free,Open all day,"March - June, September - November"
Kothandaramaswamy Temple,Temple,Ramanathapuram,"A historic temple dedicated to Lord Rama, situated on a small island.",Free,"6:00 AM - 12:00 PM, 4:00 PM - 8:00 PM",October - March
Srirangapatna,Historical Town,Mysore,"A historic town with ruins of the fort, palace, and temples, once the capital of the Kingdom of Mysore.",â‚¹20,9:00 AM - 5:00 PM,October - March
Kailasanathar Temple,Temple,Kanchipuram,"An 8th-century temple known for its unique architecture, built by the Pallava kings.",Free,"6:00 AM - 12:00 PM, 4:00 PM - 9:00 PM",November - February
Vellore Fort,Fort,Vellore,"A large 16th-century fort with a rich history, housing the Vellore Fort Temple.",â‚¹20,9:00 AM - 6:00 PM,November - March
Basilica of Our Lady of Good Health,Church,Velankanni,"A famous Roman Catholic church, a pilgrimage site dedicated to the Virgin Mary.",Free,Open all day,October - March
Bharathiyar Park,Park,Coimbatore,A public park with lush greenery and a memorial for the great Tamil poet Subramania Bharati.,â‚¹10,6:00 AM - 7:00 PM,November - February
Chidambaram Temple,Temple,Chidambaram,"Famous for the Nataraja form of Lord Shiva, known for its grand architecture and spiritual significance.",Free,"5:00 AM - 12:30 PM, 4:00 PM - 9:00 PM",November - March
Nellaiappar Temple,Temple,Tirunelveli,A historic Shiva temple with intricate carvings and a vast cultural history.,Free,"6:00 AM - 12:30 PM, 4:00 PM - 8:00 PM",October - March
Sundareswarar Temple,Temple,Thirunelveli,"A famous temple dedicated to Lord Shiva, renowned for its architecture and sculptures.",Free,"5:00 AM - 12:00 PM, 4:00 PM - 8:00 PM",October - March
Uvari Church,Church,Uvari,A historical church with a calm environment located along the scenic coastal area.,Free,Open all day,November - March
Muttom Beach,Beach,Kanyakumari,A serene and less crowded beach with beautiful views of the sunrise and sunset.,Free,Open all day,November - March
The Tidel Park,Historical Monument,Chennai,A tech hub built in the early 2000s that blends modern technology with local architecture.,Free,9:00 AM - 6:00 PM,October - March
Ariyalur,Archaeological Site,Ariyalur,"An ancient region with stone carvings, including the famous Jambukeswarar temple and other historic remnants.",Free,Open all day,November - February
Vandavasi,Historical Town,Vandavasi,An ancient town known for its temples and the historic Kanchi Kailasanathar Temple.,Free,Open all day,October - March
Kolli Hills,Hill Station,Namakkal District,"A picturesque hill station known for its scenic beauty, trekking trails, and historical temples.",Free,Open all day,October - March
Pondicherry,Heritage City,Puducherry,"Known for its French colonial architecture, serene beaches, and cultural heritage.",Free,Open all day,October - March
Kottur,Historical Site,Tiruvannamalai,An ancient town famous for the historical Kottur Fort and its surrounding temples.,Free,Open all day,October - February
Thiruparankundram Temple,Temple,Madurai,"An ancient temple dedicated to Lord Murugan, carved into a hill, offering magnificent views.",Free,"5:00 AM - 12:00 PM, 4:00 PM - 9:00 PM",November - March
Kaveripakkam,Archaeological Site,Vellore,"An archaeological site with relics from the ancient Pallava dynasty, including rock-cut temples.",Free,Open all day,October - March
Thiruvannamalai,Temple Town,Thiruvannamalai,"Home to the famous Arunachaleswarar Temple, a significant pilgrimage site.",Free,"5:00 AM - 12:00 PM, 4:00 PM - 9:00 PM",November - February
Vellimalai,Temple,Dindigul,"Known for the Vellimalai Murugan Temple, perched atop a hill with scenic views.",Free,"6:00 AM - 12:00 PM, 4:00 PM - 8:00 PM",October - March
Udhagamandalam (Ooty),Hill Station,Nilgiris,"A famous hill station known for its tea gardens, botanical gardens, and serene lakes.",Free,Open all day,"April - June, September - November"
Annamalai Wildlife Sanctuary,Wildlife Sanctuary,Coimbatore,"A sanctuary home to a wide range of flora and fauna, offering nature treks and wildlife experiences.",â‚¹20,9:00 AM - 5:00 PM,October - February
Tiruchirapalli Rock Fort,Fort,Tiruchirappalli,"A historic fort built on a rock hill, known for its architectural beauty and panoramic views of the city.",â‚¹30,6:00 AM - 8:00 PM,October - March
Ramanathaswamy Temple,Temple,Rameswaram,"A sacred temple dedicated to Lord Shiva, known for its grand architecture and holy significance.",Free,"5:00 AM - 1:00 PM, 3:00 PM - 9:00 PM",November - March
Kanchipuram,Heritage Town,Kanchipuram,"A historic city known for its ancient temples, silk sarees, and rich cultural heritage.",Free,Open all day,October - March
Vivekananda Memorial Hall,Memorial,Kanyakumari,"A memorial dedicated to Swami Vivekananda, located at the confluence of three seas.",â‚¹20,7:00 AM - 5:00 PM,October - March
Annamalaiyar Temple,Temple,Tiruvannamalai,"A prominent temple dedicated to Lord Shiva, situated at the foot of the Annamalai hills.",Free,"5:00 AM - 12:30 PM, 4:00 PM - 9:00 PM",November - February
Chidambaram Nataraja Temple,Temple,Chidambaram,"An ancient temple dedicated to Lord Nataraja, known for its exquisite sculptures and spiritual importance.",Free,"5:00 AM - 12:00 PM, 4:00 PM - 9:00 PM",November - February
Kumbakonam,Heritage Town,Thanjavur,"A town known for its large number of ancient temples, including the Adi Kumbeswarar Temple and Nageswaran Temple.",Free,Open all day,October - March
Meghamalai,Hill Station,Theni,"A peaceful hill station known for its tea gardens, wildlife sanctuaries, and scenic landscapes.",Free,Open all day,October - March
Tiruvarur,Temple Town,Tiruvarur,Famous for the Thyagarajaswamy Temple and its cultural significance in Tamil music and dance.,Free,Open all day,October - March
Tirunelveli,Heritage City,Tirunelveli,"A city with rich cultural heritage, known for its temples like the Nellaiappar Temple and scenic views of the Western Ghats.",Free,Open all day,October - March
Alagar Kovil,Temple,Madurai,"A temple dedicated to Lord Vishnu, located at the foothills of Alagar hills, offering a serene atmosphere.",Free,"6:00 AM - 12:00 PM, 4:00 PM - 8:00 PM",November - March
Meenakshi Amman Temple,Temple,Madurai,"A UNESCO World Heritage Site dedicated to Goddess Meenakshi, known for its stunning architecture and 12 majestic towers.",Free,"5:00 AM - 12:30 PM, 4:00 PM - 9:00 PM",November - March
Sundaravarada Perumal Temple,Temple,Kanchipuram,"A well-known Vaishnava temple in Kanchipuram dedicated to Lord Vishnu, famous for its exquisite carvings and architecture.",Free,"6:00 AM - 12:00 PM, 4:00 PM - 9:00 PM",November - February
Kanchipuram Silk Weaving Industry,Heritage Industry,Kanchipuram,"Kanchipuram is famous for its silk weaving industry, offering visitors a glimpse of the traditional silk saree-making process.",Free,9:00 AM - 5:00 PM,October - March
Ramanathapuram,Heritage Town,Ramanathapuram,"A town with ancient temples, including the famous Kothandaramaswamy Temple and a rich history dating back to the Pandya dynasty.",Free,Open all day,November - March
Madhurai Thirumalai Nayakar Mahal,Palace,Madurai,"A grand palace built in the 17th century, known for its Indo-Saracenic architecture, which combines Islamic and Dravidian styles.",â‚¹20,9:00 AM - 5:00 PM,October - March
Ariyalur,Archaeological Site,Ariyalur,"A region famous for its ancient stone-carved temples and fossilized sites, including remnants from the Chola dynasty.",Free,Open all day,November - February
Kanyakumari Beach,Beach,Kanyakumari,"The southernmost tip of India where the Arabian Sea, Bay of Bengal, and Indian Ocean meet. It is known for its breathtaking sunsets and sunrises.",Free,Open all day,October - March
The Great Living Chola Temples,Temple Complex,"Thanjavur, Gangaikonda Cholapuram, and Darasuram","A UNESCO World Heritage Site consisting of a series of temples built by the Chola dynasty, including the Brihadeeswarar Temple.",â‚¹50,"6:00 AM - 12:30 PM, 4:00 PM - 8:00 PM",November - February
Kumbakonam,Heritage City,Thanjavur,"A city famous for its numerous temples, including the Airavatesvara Temple and the Nageswaran Temple, both part of the UNESCO World Heritage Sites.",Free,Open all day,October - March
Thiruchendur Murugan Temple,Temple,Thiruchendur,"A famous temple dedicated to Lord Murugan, located on the seashore, known for its stunning views and spiritual significance.",Free,"5:00 AM - 12:30 PM, 4:00 PM - 9:00 PM",November - February
Sathyamangalam Wildlife Sanctuary,Wildlife Sanctuary,Erode,"A vast wildlife sanctuary known for its rich biodiversity, including tigers, elephants, and various bird species.",â‚¹20,9:00 AM - 5:00 PM,October - February
Vellore Fort,Fort,Vellore,"A 16th-century fort, known for its well-preserved walls, moat, and the famous Vellore Fort Temple.",â‚¹20,9:00 AM - 5:00 PM,November - March
Gangaikonda Cholapuram Temple,Temple,Ariyalur,"An ancient temple built by Rajendra Chola I, a part of the Chola dynasty heritage, and a UNESCO World Heritage Site.",â‚¹30,"6:00 AM - 12:30 PM, 4:00 PM - 8:00 PM",November - February
Dhanushkodi,Historical Site,Rameswaram,"An abandoned town, known for its haunting ruins and the belief that Lord Rama built a bridge to Lanka from here.",Free,Open all day,November - March
Vivekananda Memorial,Memorial,Kanyakumari,"A memorial dedicated to Swami Vivekananda located on a small island off the coast of Kanyakumari, where he meditated.",â‚¹20,7:00 AM - 5:00 PM,October - March
Tiruvallur,Temple Town,Tiruvallur,A historical town with the famous Veeraraghava Perumal Temple and a rich tradition of spiritual practices.,Free,Open all day,November - March
Vedaranyam,Historical Town,Nagapattinam,"A coastal town with significant historical importance, home to temples and the famous Vedaranyeswarar Temple.",Free,Open all day,October - March
Azhagarkovil,Temple,Madurai,"A hill temple dedicated to Lord Vishnu, located amidst lush greenery, known for its tranquil atmosphere and scenic views.",Free,"6:00 AM - 12:00 PM, 4:00 PM - 9:00 PM",November - March
Pudukkottai,Heritage Town,Pudukkottai,"A town with rich cultural heritage, known for its temples, the Pudukkottai Fort, and a historic palace.",Free,Open all day,October - March
Thiruchendur Murugan Temple,Temple,Thiruchendur,"A famous temple dedicated to Lord Murugan, located on the seashore, known for its stunning views and spiritual significance.",Free,"5:00 AM - 12:30 PM, 4:00 PM - 9:00 PM",November - February
Sathyamangalam Wildlife Sanctuary,Wildlife Sanctuary,Erode,"A vast wildlife sanctuary known for its rich biodiversity, including tigers, elephants, and various bird species.",â‚¹20,9:00 AM - 5:00 PM,October - February
Vellore Fort,Fort,Vellore,"A 16th-century fort, known for its well-preserved walls, moat, and the famous Vellore Fort Temple.",â‚¹20,9:00 AM - 5:00 PM,November - March
Gangaikonda Cholapuram Temple,Temple,Ariyalur,"An ancient temple built by Rajendra Chola I, a part of the Chola dynasty heritage, and a UNESCO World Heritage Site.",â‚¹30,"6:00 AM - 12:30 PM, 4:00 PM - 8:00 PM",November - February
Dhanushkodi,Historical Site,Rameswaram,"An abandoned town, known for its haunting ruins and the belief that Lord Rama built a bridge to Lanka from here.",Free,Open all day,November - March
Vivekananda Memorial,Memorial,Kanyakumari,"A memorial dedicated to Swami Vivekananda located on a small island off the coast of Kanyakumari, where he meditated.",â‚¹20,7:00 AM - 5:00 PM,October - March
Tiruvallur,Temple Town,Tiruvallur,A historical town with the famous Veeraraghava Perumal Temple and a rich tradition of spiritual practices.,Free,Open all day,November - March
Vedaranyam,Historical Town,Nagapattinam,"A coastal town with significant historical importance, home to temples and the famous Vedaranyeswarar Temple.",Free,Open all day,October - March
Azhagarkovil,Temple,Madurai,"A hill temple dedicated to Lord Vishnu, located amidst lush greenery, known for its tranquil atmosphere and scenic views.",Free,"6:00 AM - 12:00 PM, 4:00 PM - 9:00 PM",November - March
Pudukkottai,Heritage Town,Pudukkottai,"A town with rich cultural heritage, known for its temples, the Pudukkottai Fort, and a historic palace.",Free,Open all day,October - March
Thiruchendur Murugan Temple,Temple,Thiruchendur,"A famous temple dedicated to Lord Murugan, located on the seashore, known for its stunning views and spiritual significance.",Free,"5:00 AM - 12:30 PM, 4:00 PM - 9:00 PM",November - February
Sathyamangalam Wildlife Sanctuary,Wildlife Sanctuary,Erode,"A vast wildlife sanctuary known for its rich biodiversity, including tigers, elephants, and various bird species.",â‚¹20,9:00 AM - 5:00 PM,October - February
Vellore Fort,Fort,Vellore,"A 16th-century fort, known for its well-preserved walls, moat, and the famous Vellore Fort Temple.",â‚¹20,9:00 AM - 5:00 PM,November - March
Gangaikonda Cholapuram Temple,Temple,Ariyalur,"An ancient temple built by Rajendra Chola I, a part of the Chola dynasty heritage, and a UNESCO World Heritage Site.",â‚¹30,"6:00 AM - 12:30 PM, 4:00 PM - 8:00 PM",November - February
Dhanushkodi,Historical Site,Rameswaram,"An abandoned town, known for its haunting ruins and the belief that Lord Rama built a bridge to Lanka from here.",Free,Open all day,November - March
Vivekananda Memorial,Memorial,Kanyakumari,"A memorial dedicated to Swami Vivekananda located on a small island off the coast of Kanyakumari, where he meditated.",â‚¹20,7:00 AM - 5:00 PM,October - March
Tiruvallur,Temple Town,Tiruvallur,A historical town with the famous Veeraraghava Perumal Temple and a rich tradition of spiritual practices.,Free,Open all day,November - March
Vedaranyam,Historical Town,Nagapattinam,"A coastal town with significant historical importance, home to temples and the famous Vedaranyeswarar Temple.",Free,Open all day,October - March
Azhagarkovil,Temple,Madurai,"A hill temple dedicated to Lord Vishnu, located amidst lush greenery, known for its tranquil atmosphere and scenic views.",Free,"6:00 AM - 12:00 PM, 4:00 PM - 9:00 PM",November - March
Pudukkottai,Heritage Town,Pudukkottai,"A town with rich cultural heritage, known for its temples, the Pudukkottai Fort, and a historic palace.",Free,Open all day,October - March
Mannargudi,Temple Town,Tiruvarur District,"Known for the Rajagopalaswamy Temple, Mannargudi is a quiet town with rich architectural heritage and vibrant festivals.",Free,"6 AM - 12 PM, 4 PM - 8 PM",October - February
Kudumiyanmalai,Historical Site,Pudukkottai District,"Famous for the ancient Kudumiyanmalai temple, this site also features impressive sculptures and inscriptions from the Chola period.",Free,6 AM - 6 PM,November - March
Keelaperumpallam,Sacred Site,Nagapattinam District,"Known for the temple dedicated to Lord Kethu, one of the nine Navagraha temples in Tamil Nadu. It is serene and less crowded.",Free,6 AM - 6 PM,November - February
Sittanavasal,Cultural Heritage Site,Pudukkottai District,"Famous for its ancient Jain rock-cut temples and beautiful paintings, Sittanavasal is a quiet archaeological gem.",Free,6 AM - 6 PM,November - February
Vailankanni,Pilgrimage Destination,Nagapattinam District,"Home to the Basilica of Our Lady of Good Health, Vailankanni is a serene town offering a mix of spiritual and coastal experiences.",Free,Open all day,September - March
Agasthyakoodam,Nature Reserve,Western Ghats,"The second highest peak in Kerala, Agasthyakoodam is often overlooked but is rich in biodiversity, perfect for trekkers and nature lovers.",Free,Open all day,November - March
Pichavaram,Mangrove Forest,Cuddalore District,"Known for its vast mangrove forests and backwaters, Pichavaram is an ecotourism haven that is less crowded and peaceful.",INR 50,8 AM - 5 PM,November - March
Tharangambadi,Coastal Town,Nagapattinam District,"A coastal town known for its Danish heritage, including the beautiful Danish Fort and serene beaches.",Free,Open all day,October - March
Karaikal,Coastal Town,Puducherry District,"A peaceful coastal town known for its French colonial influence, beaches, and the famous Karaikal Ammaiyar Temple.",Free,Open all day,October - March
